﻿<?xml version="1.0" encoding="utf-8" standalone="yes"?>
<Config>
  <!-- 字符对照表名称 -->
  <Name>火星文对照表</Name>
  <Converters><!-- 转换器列表元素，可在此设置多个转换器 -->
    <!-- 转换器元素 Id：转换器ID(数字)，Name：转换器名称(用于显示在转换类型下拉列表上)，SourceMapId：源字符对照表ID，DestMapId：目标字符对照表ID，(注：源字符对照表和目标字符对照表的值的长度必须相同) -->
    <Converter Id="0" Name="中文转火星文" SourceMapId="中文" DestMapId="火星文" />
	<Converter Id="1" Name="火星文转中文" SourceMapId="火星文" DestMapId="中文" />
  </Converters>
  <Maps><!-- 字符对照表列表元素，可在此设置多个字符对照表 -->
    <!-- 字符对照表元素 Id：字符对照表ID(可为数字或字符串) Value：字符列表(部分符号请使用HTML转义字符) -->
    <Map Id="中文">啊阿埃挨哎唉哀皑癌蔼矮艾碍爱隘鞍氨安俺按暗岸胺案肮昂盎凹敖熬翱袄傲奥懊澳芭捌扒叭吧笆八疤巴拔跋靶把耙坝霸罢爸白柏百摆佰败拜稗斑班搬扳般颁板版扮拌伴瓣半办绊邦帮梆榜膀绑棒磅蚌镑傍谤苞胞包褒剥薄雹保堡饱宝抱报暴豹鲍爆杯碑悲卑北辈背贝钡倍狈备惫焙被奔苯本笨崩绷甭泵蹦迸逼鼻比鄙笔彼碧蓖蔽毕毙毖币庇痹闭敝弊必辟壁臂避陛鞭边编贬扁便变卞辨辩辫遍标彪膘表鳖憋别瘪彬斌濒滨宾摈兵冰柄丙秉饼炳病并玻菠播拨钵波博勃搏铂箔伯帛舶脖膊渤泊驳捕卜哺补埠不布步簿部怖擦猜裁材才财睬踩采彩菜蔡餐参蚕残惭惨灿苍舱仓沧藏操糙槽曹草厕策侧册测层蹭插叉茬茶查碴搽察岔差诧拆柴豺搀掺蝉馋谗缠铲产阐颤昌猖场尝常长偿肠厂敞畅唱倡超抄钞朝嘲潮巢吵炒车扯撤掣彻澈郴臣辰尘晨忱沉陈趁衬撑称城橙成呈乘程惩澄诚承逞骋秤吃痴持匙池迟弛驰耻齿侈尺赤翅斥炽充冲虫崇宠抽酬畴踌稠愁筹仇绸瞅丑臭初出橱厨躇锄雏滁除楚础储矗搐触处揣川穿椽传船喘串疮窗幢床闯创吹炊捶锤垂春椿醇唇淳纯蠢戳绰疵茨磁雌辞慈瓷词此刺赐次聪葱囱匆从丛凑粗醋簇促蹿篡窜摧崔催脆瘁粹淬翠村存寸磋撮搓措挫错搭达答瘩打大呆歹傣戴带殆代贷袋待逮怠耽担丹单郸掸胆旦氮但惮淡诞弹蛋当挡党荡档刀捣蹈倒岛祷导到稻悼道盗德得的蹬灯登等瞪凳邓堤低滴迪敌笛狄涤翟嫡抵底地蒂第帝弟递缔颠掂滇碘点典靛垫电佃甸店惦奠淀殿碉叼雕凋刁掉吊钓调跌爹碟蝶迭谍叠丁盯叮钉顶鼎锭定订丢东冬董懂动栋侗恫冻洞兜抖斗陡豆逗痘都督毒犊独读堵睹赌杜镀肚度渡妒端短锻段断缎堆兑队对墩吨蹲敦顿囤钝盾遁掇哆多夺垛躲朵跺舵剁惰堕蛾峨鹅俄额讹娥恶厄扼遏鄂饿恩而儿耳尔饵洱二贰发罚筏伐乏阀法珐藩帆番翻樊矾钒繁凡烦反返范贩犯饭泛坊芳方肪房防妨仿访纺放菲非啡飞肥匪诽吠肺废沸费芬酚吩氛分纷坟焚汾粉奋份忿愤粪丰封枫蜂峰锋风疯烽逢冯缝讽奉凤佛否夫敷肤孵扶拂辐幅氟符伏俘服浮涪福袱弗甫抚辅俯釜斧脯腑府腐赴副覆赋复傅付阜父腹负富讣附妇缚咐噶嘎该改概钙盖溉干甘杆柑竿肝赶感秆敢赣冈刚钢缸肛纲岗港杠篙皋高膏羔糕搞镐稿告哥歌搁戈鸽胳疙割革葛格蛤阁隔铬个各给根跟耕更庚羹埂耿梗工攻功恭龚供躬公宫弓巩汞拱贡共钩勾沟苟狗垢构购够辜菇咕箍估沽孤姑鼓古蛊骨谷股故顾固雇刮瓜剐寡挂褂乖拐怪棺关官冠观管馆罐惯灌贯光广逛瑰规圭硅归龟闺轨鬼诡癸桂柜跪贵刽辊滚棍锅郭国果裹过哈骸孩海氦亥害骇酣憨邯韩含涵寒函喊罕翰撼捍旱憾悍焊汗汉夯杭航壕嚎豪毫郝好耗号浩呵喝荷菏核禾和何合盒貉阂河涸赫褐鹤贺嘿黑痕很狠恨哼亨横衡恒轰哄烘虹鸿洪宏弘红喉侯猴吼厚候后呼乎忽瑚壶葫胡蝴狐糊湖弧虎唬护互沪户花哗华猾滑画划化话槐徊怀淮坏欢环桓还缓换患唤痪豢焕涣宦幻荒慌黄磺蝗簧皇凰惶煌晃幌恍谎灰挥辉徽恢蛔回毁悔慧卉惠晦贿秽会烩汇讳诲绘荤昏婚魂浑混豁活伙火获或惑霍货祸击圾基机畸稽积箕肌饥迹激讥鸡姬绩缉吉极棘辑籍集及急疾汲即嫉级挤几脊己蓟技冀季伎祭剂悸济寄寂计记既忌际继纪嘉枷夹佳家加荚颊贾甲钾假稼价架驾嫁歼监坚尖笺间煎兼肩艰奸缄茧检柬碱硷拣捡简俭剪减荐槛鉴践贱见键箭件健舰剑饯渐溅涧建僵姜将浆江疆蒋桨奖讲匠酱降蕉椒礁焦胶交郊浇骄娇嚼搅铰矫侥脚狡角饺缴绞剿教酵轿较叫窖揭接皆秸街阶截劫节茎睛晶鲸京惊精粳经井警景颈静境敬镜径痉靖竟竞净炯窘揪究纠玖韭久灸九酒厩救旧臼舅咎就疚鞠拘狙疽居驹菊局咀矩举沮聚拒据巨具距踞锯俱句惧炬剧捐鹃娟倦眷卷绢撅攫抉掘倔爵桔杰捷睫竭洁结解姐戒藉芥界借介疥诫届巾筋斤金今津襟紧锦仅谨进靳晋禁近烬浸尽劲荆兢觉决诀绝均菌钧军君峻俊竣浚郡骏喀咖卡咯开揩楷凯慨刊堪勘坎砍看康慷糠扛抗亢炕考拷烤靠坷苛柯棵磕颗科壳咳可渴克刻客课肯啃垦恳坑吭空恐孔控抠口扣寇枯哭窟苦酷库裤夸垮挎跨胯块筷侩快宽款匡筐狂框矿眶旷况亏盔岿窥葵奎魁傀馈愧溃坤昆捆困括扩廓阔垃拉喇蜡腊辣啦莱来赖蓝婪栏拦篮阑兰澜谰揽览懒缆烂滥琅榔狼廊郎朗浪捞劳牢老佬姥酪烙涝勒乐雷镭蕾磊累儡垒擂肋类泪棱楞冷厘梨犁黎篱狸离漓理李里鲤礼莉荔吏栗丽厉励砾历利傈例俐痢立粒沥隶力璃哩俩联莲连镰廉怜涟帘敛脸链恋炼练粮凉梁粱良两辆量晾亮谅撩聊僚疗燎寥辽潦了撂镣廖料列裂烈劣猎琳林磷霖临邻鳞淋凛赁吝拎玲菱零龄铃伶羚凌灵陵岭领另令溜琉榴硫馏留刘瘤流柳六龙聋咙笼窿隆垄拢陇楼娄搂篓漏陋芦卢颅庐炉掳卤虏鲁麓碌露路赂鹿潞禄录陆戮驴吕铝侣旅履屡缕虑氯律率滤绿峦挛孪滦卵乱掠略抡轮伦仑沦纶论萝螺罗逻锣箩骡裸落洛骆络妈麻玛码蚂马骂嘛吗埋买麦卖迈脉瞒馒蛮满蔓曼慢漫谩芒茫盲氓忙莽猫茅锚毛矛铆卯茂冒帽貌贸么玫枚梅酶霉煤没眉媒镁每美昧寐妹媚门闷们萌蒙檬盟锰猛梦孟眯醚靡糜迷谜弥米秘觅泌蜜密幂棉眠绵冕免勉娩缅面苗描瞄藐秒渺庙妙蔑灭民抿皿敏悯闽明螟鸣铭名命谬摸摹蘑模膜磨摩魔抹末莫墨默沫漠寞陌谋牟某拇牡亩姆母墓暮幕募慕木目睦牧穆拿哪呐钠那娜纳氖乃奶耐奈南男难囊挠脑恼闹淖呢馁内嫩能妮霓倪泥尼拟你匿腻逆溺蔫拈年碾撵捻念娘酿鸟尿捏聂孽啮镊镍涅您柠狞凝宁拧泞牛扭钮纽脓浓农弄奴努怒女暖虐疟挪懦糯诺哦欧鸥殴藕呕偶沤啪趴爬帕怕琶拍排牌徘湃派攀潘盘磐盼畔判叛乓庞旁耪胖抛咆刨炮袍跑泡呸胚培裴赔陪配佩沛喷盆砰抨烹澎彭蓬棚硼篷膨朋鹏捧碰坯砒霹批披劈琵毗啤脾疲皮匹痞僻屁譬篇偏片骗飘漂瓢票撇瞥拼频贫品聘乒坪苹萍平凭瓶评屏坡泼颇婆破魄迫粕剖扑铺仆莆葡菩蒲埔朴圃普浦谱曝瀑期欺栖戚妻七凄漆柒沏其棋奇歧畦崎脐齐旗祈祁骑起岂乞企启契砌器气迄弃汽泣讫掐洽牵扦钎铅千迁签仟谦乾黔钱钳前潜遣浅谴堑嵌欠歉枪呛腔羌墙蔷强抢橇锹敲悄桥瞧乔侨巧鞘撬翘峭俏窍切茄且怯窃钦侵亲秦琴勤芹擒禽寝沁青轻氢倾卿清擎晴氰情顷请庆琼穷秋丘邱球求囚酋泅趋区蛆曲躯屈驱渠取娶龋趣去圈颧权醛泉全痊拳犬券劝缺炔瘸却鹊榷确雀裙群然燃冉染瓤壤攘嚷让饶扰绕惹热壬仁人忍韧任认刃妊纫扔仍日戎茸蓉荣融熔溶容绒冗揉柔肉茹蠕儒孺如辱乳汝入褥软阮蕊瑞锐闰润若弱撒洒萨腮鳃塞赛三叁伞散桑嗓丧搔骚扫嫂瑟色涩森僧莎砂杀刹沙纱傻啥煞筛晒珊苫杉山删煽衫闪陕擅赡膳善汕扇缮墒伤商赏晌上尚裳梢捎稍烧芍勺韶少哨邵绍奢赊蛇舌舍赦摄射慑涉社设砷申呻伸身深娠绅神沈审婶甚肾慎渗声生甥牲升绳省盛剩胜圣师失狮施湿诗尸虱十石拾时什食蚀实识史矢使屎驶始式示士世柿事拭誓逝势是嗜噬适仕侍释饰氏市恃室视试收手首守寿授售受瘦兽蔬枢梳殊抒输叔舒淑疏书赎孰熟薯暑曙署蜀黍鼠属术述树束戍竖墅庶数漱恕刷耍摔衰甩帅栓拴霜双爽谁水睡税吮瞬顺舜说硕朔烁斯撕嘶思私司丝死肆寺嗣四伺似饲巳松耸怂颂送宋讼诵搜艘擞嗽苏酥俗素速粟僳塑溯宿诉肃酸蒜算虽隋随绥髓碎岁穗遂隧祟孙损笋蓑梭唆缩琐索锁所塌他它她塔獭挞蹋踏胎苔抬台泰酞太态汰坍摊贪瘫滩坛檀痰潭谭谈坦毯袒碳探叹炭汤塘搪堂棠膛唐糖倘躺淌趟烫掏涛滔绦萄桃逃淘陶讨套特藤腾疼誊梯剔踢锑提题蹄啼体替嚏惕涕剃屉天添填田甜恬舔腆挑条迢眺跳贴铁帖厅听烃汀廷停亭庭挺艇通桐酮瞳同铜彤童桶捅筒统痛偷投头透凸秃突图徒途涂屠土吐兔湍团推颓腿蜕褪退吞屯臀拖托脱鸵陀驮驼椭妥拓唾挖哇蛙洼娃瓦袜歪外豌弯湾玩顽丸烷完碗挽晚皖惋宛婉万腕汪王亡枉网往旺望忘妄威巍微危韦违桅围唯惟为潍维苇萎委伟伪尾纬未蔚味畏胃喂魏位渭谓尉慰卫瘟温蚊文闻纹吻稳紊问嗡翁瓮挝蜗涡窝我斡卧握沃巫呜钨乌污诬屋无芜梧吾吴毋武五捂午舞伍侮坞戊雾晤物勿务悟误昔熙析西硒矽晰嘻吸锡牺稀息希悉膝夕惜熄烯溪汐犀檄袭席习媳喜铣洗系隙戏细瞎虾匣霞辖暇峡侠狭下厦夏吓掀锨先仙鲜纤咸贤衔舷闲涎弦嫌显险现献县腺馅羡宪陷限线相厢镶香箱襄湘乡翔祥详想响享项巷橡像向象萧硝霄削哮嚣销消宵淆晓小孝校肖啸笑效楔些歇蝎鞋协挟携邪斜胁谐写械卸蟹懈泄泻谢屑薪芯锌欣辛新忻心信衅星腥猩惺兴刑型形邢行醒幸杏性姓兄凶胸匈汹雄熊休修羞朽嗅锈秀袖绣墟戌需虚嘘须徐许蓄酗叙旭序畜恤絮婿绪续轩喧宣悬旋玄选癣眩绚靴薛学穴雪血勋熏循旬询寻驯巡殉汛训讯逊迅压押鸦鸭呀丫芽牙蚜崖衙涯雅哑亚讶焉咽阉烟淹盐严研蜒岩延言颜阎炎沿奄掩眼衍演艳堰燕厌砚雁唁彦焰宴谚验殃央鸯秧杨扬佯疡羊洋阳氧仰痒养样漾邀腰妖瑶摇尧遥窑谣姚咬舀药要耀椰噎耶爷野冶也页掖业叶曳腋夜液一壹医揖铱依伊衣颐夷遗移仪胰疑沂宜姨彝椅蚁倚已乙矣以艺抑易邑屹亿役臆逸肄疫亦裔意毅忆义益溢诣议谊译异翼翌绎茵荫因殷音阴姻吟银淫寅饮尹引隐印英樱婴鹰应缨莹萤营荧蝇迎赢盈影颖硬映哟拥佣臃痈庸雍踊蛹咏泳涌永恿勇用幽优悠忧尤由邮铀犹油游酉有友右佑釉诱又幼迂淤于盂榆虞愚舆余俞逾鱼愉渝渔隅予娱雨与屿禹宇语羽玉域芋郁吁遇喻峪御愈欲狱育誉浴寓裕预豫驭鸳渊冤元垣袁原援辕园员圆猿源缘远苑愿怨院曰约越跃钥岳粤月悦阅耘云郧匀陨允运蕴酝晕韵孕匝砸杂栽哉灾宰载再在咱攒暂赞赃脏葬遭糟凿藻枣早澡蚤躁噪造皂灶燥责择则泽贼怎增憎曾赠扎喳渣札轧铡闸眨栅榨咋乍炸诈摘斋宅窄债寨瞻毡詹粘沾盏斩辗崭展蘸栈占战站湛绽樟章彰漳张掌涨杖丈帐账仗胀瘴障招昭找沼赵照罩兆肇召遮折哲蛰辙者锗蔗这浙珍斟真甄砧臻贞针侦枕疹诊震振镇阵蒸挣睁征狰争怔整拯正政帧症郑证芝枝支吱蜘知肢脂汁之织职直植殖执值侄址指止趾只旨纸志挚掷至致置帜峙制智秩稚质炙痔滞治窒中盅忠钟衷终种肿重仲众舟周州洲诌粥轴肘帚咒皱宙昼骤珠株蛛朱猪诸诛逐竹烛煮拄瞩嘱主著柱助蛀贮铸筑住注祝驻抓爪拽专砖转撰赚篆桩庄装妆撞壮状椎锥追赘坠缀谆准捉拙卓桌琢茁酌啄着灼浊兹咨资姿滋淄孜紫仔籽滓子自渍字鬃棕踪宗综总纵邹走奏揍租足卒族祖诅阻组钻纂嘴醉最罪尊遵昨左佐柞做作坐座</Map>
    <Map Id="火星文">娿婀埃挨餀呃哀皑癌蔼婑銰碍嬡隘鞍氨鮟唵洝暗岸胺案肮昻盎凹獓熬翱仸謸奧襖奧妑捌朳朳妑笆仈疤妑菝柭靶妑耙坝覇罢妑皛柏咟擺佰敗湃稗癍癍搬扳瘢頒闆蝂汾絆柈瓣柈刅绊綁幇梆徬嫎垹蜯嫎蚌镑徬谤苞菢笣褒剝薄雹湺堡怉寶砲蕔懪豹鲍嚗柸碑蕜萆苝輩揹赑钡俻狈備惫焙被渀苯夲苯镚绷甭泵嘣逬腷嬶仳啚毣彼碧蓖幣滭斃毖币庇痹閉獙弊怭澼壁臂鐴陛鞭笾揙貶碥楩變卞辧辮辮猵摽滮鏢錶鳖憋莂癟彬斌濒璸濱摈娦栤窉眪秉饼炳疒並箥菠譒妭钵菠博勃搏铂箔伯帛舶脖膊渤泊訤峬卜誧卟埠芣鈽荹簿蔀怖攃猜裁財財財棌棌采埰婇蔡爘傪蛬殘慙參灿芲舱仺獊蔵懆鐰槽蓸愺厠憡側冊恻層竲揷紁茬嗏楂楂搽镲岔槎诧拆枈豺搀傪蝉镵谗瀍铲浐闡顫誯猖畼甞瑺萇偿肠廠敞畅晿倡趫莏鈔謿謿謿漅訬炒車扯徹掣沏瞮郴烥宸尘曟忱冗陳趁衬撐稱峸橙荿珵塖珵懲僜諴承浧骋秤阣痴歭匙肔呎肔肔恥歯侈呎哧趐斥炽茺沖蟲漴寵菗絒帱帱婤僽薵仇皗瞅忸溴初炪廚廚躇鋤雛蒢篨椘绌储矗搐触處遄巛瑏椽伝船遄賗疮囱幢床闖創欥炊腄腄箠舂椿錞脣錞蒓蠢戥焯疵垐濨雌辭濨瓷詞泚剌賜佽聪茐囱茐苁苁凑粗齰簇娖蹿篡窜凗慛慛脆瘁濢濢濢籿洊籿磋撮髊措挫措溚垯荅瘩咑汏槑歹傣瀻帶殆笩贷袋待曃怠耽泹冄啴郸掸狚狚氮泹惮惔诞弹疍當澢黨蕩澢叨搗稲箌島祷导菿稲悼檤盜徳嘚哋簦燈憕等簦凳郰諟彽嘀廸敵廸狄涤翟嫡抵疧哋渧苐渧弚递缔颠掂滇碘點敟靛垫電佃甸扂惦奠淀殿淍汈鵰蜩刁鋽铞銱蜩瓞嗲渫渫迭媟疉玎饤汀町嵿鼎锭萣忊丟崬笗蓳慬憅崬侗恫岽狪兠鬦乧跿荳浢哣嘟督毐渎獨渎陼睹帾荰镀肚喥喥妒鍴短葮葮斷葮碓兌隊怼墩沌壿敦頓囤沌盾遁掇哆哆奪垛躱朶跺舵剁媠憜睋睋鹅皒额讹皒悪苊扼遏鄂皒慁洏ル洱尒聶洱②贰潑藅筏浌疺阀琺珐藩汎畨飜樊矾钒瀿汎煩反返笵贩氾粄疺汸淓汸肪房汸妨汸汸汸倣婔悱啡飛萉厞诽吠腓廢沸曊棼酚玢氛汾妢墳焚汾帉奮妢忿濆粪仹崶猦蜂峯峯颩瘋烽漨溤漨讽唪鳯仏娝玞敷膚孵荴拂辐諨氟苻茯俘棴捊涪湢袱弗甫抚辅椨釜釡脯腑椨腐赴諨覆賦復傅苻阜父腹萯冨讣胕妇缚咐噶嗄姟妀漑鈣葢漑迀苷杆柑芉肝迀憾秆噉赣罓碙鋼矼釭罁罓港釭禞皋滈膏餻溔鎬鎬鎬哠滒戨擱戈鸽胳疙剨愅噶咯蛤阁隔铬個茖给艮茛畊浭菮羹埂耿梗笁糼糼塨龚栱匑厷営弖巩汞珙貢珙溝芶芶苟豞垢媾媾夠辜菇咕箍诂钴箛菇鼔咕蛊嗗唂骰诂顧凅雇剮呱剮寡啩啩乖枴怪菅関菅蒄觀涫菅潅遦潅遦洸広迋瑰規圭硅歸亀閨匦媿詭癸蓕匱蛫貴刽辊蔉輥煱漷國淉裹過铪骸陔嗨氦亥嗐骇酣憨邯韓浛凾寒凾諴癷翰撼捍猂憾悍猂汙漢夯忼航壕嚎濠毫郝恏秏呺滘哬曷嗬菏劾秝啝哬匼盉貉阂菏涸赫褐鹤哿潶嫼痕佷哏悢涥悙橫蘅恆轟晎烘渱鴻葓宖宖葒糇糇糇犼厚糇後苸苸唿瑚壺煳箶箶狐煳煳弧唬唬戶沍戶戶埖蕐澕磆磆畵劃囮話槐佪懷准壞歡寰桓還緩換漶喚痪豢焕涣宦抝巟巟曂磺蝗簧瑝瑝瑝瑝愰縨恍巟洃媈媈幑恢蛔冋毇珻慧卉惠珻贿秽浍烩匯讳诲浍荤涽殙魂渾婫豁萿钬焱镬戓惑靃貨禍击圾樭僟畸稽積箕肌饥迹噭讥鶏姬绩缉咭极棘辑籍潗彶喼疾汲旣嫉级哜凢脊己蓟技冀悸伎祭剂悸哜寄寂計汜旣忌漈继汜嘉枷夾佳傢咖荚颊贾曱钾徦糘價泇駕糘姧盬堅尖笺簡煎凲肩艰奷缄茧撿柬碱硷拣撿彅倹彅諴薦槛鉴践濺見楗箭件揵舰劍饯渐溅涧踺壃葁將槳茳彊蔣桨奨講匠醬夅蕉椒礁潐烄茭郊浇嬌嬌嚼搅铰矫侥腳烄角饺儌烄剿嘋酵轿珓嘂窖揭帹湝秸街阶截劫兯莖聙瞐鯨倞驚棈粳經丼檠憬頸靜璄擏傹徑痉靖獍競凈泂僒啾究糾玖韭玖灸勼氿厩慦舊臼舅咎僦咎鞠佝狙疽劇驹匊挶咀怇舉沮藂岠琚姖倶岠踞涺倶呴惧岠涺涓鵑涓惓眷捲涓瘚攫決崛崛嚼桔傑啑睫竭洁結解姐悈藉芥鎅徣夰疥诫屆凧荕釿唫妗珒噤緊婂僅殣琎靳晉噤菦烬锓浕勁荊兢覺吷吷蕝汮箘呁軍焄浚浚浚浚郡浚喀咖鉲咯閞揩揩剀慨刋堪勘坎歃看嫝嵻嵻摃忼囥忼栲洘栲靠坷岢柯錁溘錁萪涜嗑妸渇尅尅愙錁肻肻恳垦妔妔涳恐芤啌摳囗釦簆喖哭崫楛酷厙褲洿垮挎跨胯赽筷侩赽寬窾匡筺誑框纩洭纩況扝盔岿窺葵喹魁傀潰隗潰堒崐涃涃葀拡霩闊柆菈喇臘臘辣菈莱唻攋藍漤孄拦藍阑蘭瀾谰灠灠攋灠灡嚂哴蓈哴蓢蓢蓢烺崂崂窂荖佬粩絡絡崂嘞泺檑檑檑藞蔂儡垒檑叻類汨棱楞唥厘悡犁黎篱狸蓠漓理李里鲤礼莉荔吏栗婯疠励砾呖悡傈唎俐痢竝粒沥隶劦璃哩唡聅嗹涟镰廉憐涟帘潋臉嗹戀煉煉悢涼樑粱悢倆唡糧涼煷涼嫽窷獠療獠寥辽潦孒撂镣漻料烮煭烮挘獵啉啉潾霖臨鄰潾啉凛賃悋柃玪夌蕶齡玪伶玪夌靈夌玪領叧泠媹琉媹硫馏畱嚠媹蓅栁陸瀧聾茏茏窿湰泷泷茏溇溇嵝溇屚陋廬盧颅廬爐掳卤虏噜麓碌蕗蕗赂蔍潞禄淥陸戮馿焒焒佀膂履屢缕慮氯侓卛慮淥欒孌孿滦卵亂稤畧囵囵囵仑囵纶囵囉螺囉羅囉儸骡裸落詻詻絡媽嫲犸犸犸骉罵嫲嬤埋荬麥賣邁霡慲獌蠻慲嫚嫚嫚嫚谩笀汒吂氓杧漭貓罞锚毝罞铆茆茂萺萺邈貿庅坆枚烸酶苺湈莈葿媒镁烸羙昧寐妺媚閄悶們萠懞檬擝锰掹夢掹侎醚靡糜洣洣弥洣秘觅泌滵滵幂婂眠婂冕凂勉娩缅媔媌媌媌邈仯緲庿仯篾搣姄抿皿勄悯閩眀螟嘄佲洺掵繆嗼摹嚤嗼嗼嚤嚤嚤沬沬嗼嚜默沬嗼寞帞湈哞湈拇牡畝姆毋募暮募募慕朩朩睦牧穆嗱哪妠妠哪哪妠氖釢艿恧柰遖莮難灢撓悩悩閙淖迡浽禸嫰能妮霓淣狔胒抳沵嫟膩屰溺蔫秥姩碾撵捻淰娘酿茑杘涅嗫糵啮嗫镍涅您柠狞凝苧拧泞犇沑妞狃哝哝哝挵伮怓伮囡煖疟疟挪穤穤喏呃瓯瓯瓯耦嘔耦沤啪汃瓟啪啪琶啪棑簰棑湃哌襻瀋盤磐昐溿叛判乓厐臱耪眫拋垉铇垉垉垉垉怌胚掊裴婄婄蓜姵沛濆湓泙抨烹澎憉莑堋硼篷膨萠鵬唪湴坯砒噼纰怶噼琵毗啤裨疲怶苉痞僻庇譬萹媥爿騙彯慓瓢嘌潎潎拚頻貧闆娉乒岼泙泙岼憑甁评屛岥秡櫇嘙岥魄廹粕剖圤舗圤莆匍箁蒲逋圤圃普浦鐠曝鑤剘剘栖嘁悽⑦凄漆柒沏娸諆渏忮畦崎脐斉旗祈祁騏起豈阣佱晵契砌噐氣迄棄汽淇讫拤洽撁扦钎鉛芉迁簽仟嗛墘黔錢钳湔濳遣淺谴堑嵌芡嗛熗濸腔羌嫱嫱強熗橇锹毃佾喬趭喬喬巧鞘毳趬峭佾竅苆苆苴愜苆钦埐儭蓁噖懄芹檎噙寑沁圊輕氢傾卿凊擎啨氰凊頃埥庆琼窮偢坵邱浗浗囚媨泅趋岖蛆浀軀屈駆渠掫婜龋趣厾圜颧權醛葲洤痊拳吠券勧蒛炔瘸卻鹊榷確雀峮羣嘫嘫姌媣瓤壤攘孃讓隢擾隢惹慹壬芢亾涊韧姙認刄妊纫扔仍ㄖ戎茸嫆荣瀜嫆嫆嫆絨冗渘渘禸筎蠕濡孺洳媷乳肗叺褥軟朊惢瑞銳潤潤婼弜潵灑蕯腮鳃噻噻彡叁傘潵鎟鎟喪搔騒掃溲瑟脃澀潹僧莏唦摋閷乷纱傻倽繺篩曬姍苫杉屾剼煽釤閁陝擅赡膳僐訕傓缮墒傷啇賞晌仩尙裳哨哨哨燒芍汋韶仯哨卲袑奢赊虵舙舎赦摂射慑渉涻蔎砷妽呻訷裑堔娠訷鉮瀋谉嬸卙腎慎椮殸泩甥狌圱繩渻墭乗夝聖溮妷浉湤濕詩迉虱拾坧湁溡什喰蚀實識史矢使屍馶始鉽沶仕迣枾倳拭誓迣勢湜嗜噬适仕侍释飾氏巿恃厔視鉽荍掱渞垨壽涭售辤痩獣蔬枢梳姝杼瀭埱忬蔋疏書赎孰孰薯濐曙署蜀黍癙屬朮沭樹娕戍竪墅庶薮漱恕唰耍摔缞甩帥拴拴灀叒摤誰渁腄挩吮橓順橓説碩朔爍凘凘凘偲俬呞噝屍肆峙嗣④伺姒饲巳菘聳怂頌鎹浨讼誦溲艘擞嗽蘇酥俗嫊趚粟僳愬溯蹜訴歗酸祘匴虽陏隨浽髓誶嵗穗嬘隧祟孫損笋蓑逡逡縮鎖鎍鎻葰禢彵咜咜嗒獭挞蹋沓胎苔孡珆溙酞忲忲呔坍摊貪瘫滩墵檀痰憛谭談钽毯袒湠探嘆湠饧溏搪漟橖膛瑭溏倘躺淌趟烫匋濤瑫绦匋洮洮匋匋討套特駦駦庝誊珶剔踢锑諟趧渧渧軆櫕嚏惕珶珶屟兲婖瑱甶甛恬婖睓狣條迢眺朓萜鉄萜廰厛烃汀侹渟渟侹侹艇嗵秱酮瞳哃恫浵僮硧硧茼統痌偸投頭透凸禿湥圖徙蒤凃廜汢汢兎湍團蓷颓蹆蜕蹆蹆昋屯臀柂仛脫袉拕駞袉椭鋖沰唾挖哇蛙哇哇咓襪歪迯豌塆塆琓顽汍烷唍涴梚脕皖惋宛啘萭腕忹迋匄忹蛧暀忹朢莣妄媙蘶嶶佹韦違桅圍惟惟潙潍惟苇崣逶偉沩屗纬沬墛菋嵔媦嵔蘶莅渭媦墛墛衞瘟溫螡妏聞鈫沕穏紊問滃暡瓮挝窩煱窉莪斡臥楃沃莁嗚钨烏汚莁偓嘸蕪梧圄呉毋娬伍圄吘橆⑤侮坞戊霚晤粅匢務圄誤厝凞唽覀硒矽晰嘻扱唶犠浠息唏悉膝汐厝熄烯渓汐犀檄袭席習媳禧铣冼係隙戱細磍虾匣葭轄叚浹浹浹芐厦嗄圷锨锨姺佡鮮汘咸賢銜舷娴涎妶溓显険哯獻縣腺陥羨宪陥限線楿厢镶萫葙襄湘芗翔祥詳想姠啍頙巷潒潒姠潒簘硝霄萷涍嚣销消宵淆哓尒涍校肖啸笑效楔些歇蝎嚡拹挾携峫斜脅喈冩悈啣蟹澥绁瀉塮屑蕲芯锌俽厗噺忻杺信衅暒睲睲瑆興鉶侀形郉垳瑆圉莕悻狌兇兇洶匈汹雄熋咻俢饈朽溴琇莠袖绣歔戌濡歔歔湏俆汻蓄酗溆旮垿畜恤絮胥緒續蓒媗媗悬嫙玆選癣妶絢靴薛敩泬膤洫勛熏揗洵咰浔紃廵咰卂訓卂遜卂壓呷鴉鴨吖吖厊厊蚜崖衙涯蕥啞亞冴漹咽阉煙殗鹽嚴妍蜒啱娫訁顔閻烾沿奄殗眼衍湮滟堰嬿厭砚雁唁彦熖匽谚験殃姎鴦秧昜婸佯疡咩樣陽氧卬癢養樣羕撽崾岆愮愮尧滛窰愮烑吆舀葯婹耀倻噎倻爺嘢冶竾頁掖鄴旪曳腋液液①壹悘揖铱畩吚扆颐夷遗簃儀胰寲沂宜侇彝掎蚁掎巳乁矣姒兿抑昜邑屹億役臆逸肄疫洂裔嬑藙忆義谥溢诣议谊譯異翼翌绎筃荫洇殷堷隂絪荶檭婬夤飮吚吲陻茚渶璎璎鹰應缨瑩萤營荧蝇迊赢盁影颕哽眏喲砽砽臃痈滽澭踊蛹怺怺悀怺恿湧鼡豳沋滺沋尤甴邮铀沋怞遊酉洧伖祐祐釉诱叒孧扜菸纡盂榆虞愚舆悇揄揄渔揄揄渔隅予娯雨玙屿禹荢娪羽砡域芋喐吁喁喻峪御匬慾獄唷謍浴寓裕預豫驭鴛棩寃沅垣媴厡瑗辕圎園園猿羱緣逺夗蒝葾阮曰箹樾跞钥捳粵仴哾閱秐囩郧枃殒狁運藴酝暈韻夃匝咂卆酨酨災宰酨侢茬洎瓒暫瓒賍賍髒蹧蹧凿藻栆皁璪蚤璪璪慥唣灶璪嫧萚荝澤賊怎熷璔嶒熷紥喳碴札轧铡閘喳栅搾咋咋怍怍擿斋宅搾債寨瞻毡詹秥跕盏斬辗崭蹍蘸棧颭戰跕偡綻樟嶂彰漳張礃涨粀扙賬账扙胀瘴障妱昭找沼趙燳罩狣肇佋嗻菥悊蛰辙鍺锗蔗適淅沴斟嫃甄砧臻浈針浈忱疹沴震桭鎮俥篜諍諍姃狰踭姃整拯囸炡帧症鄭姃芷汥伎汥倁倁汥脂汥と枳轵矗淔殖秇惪侄歮栺圵趾呮旨衹梽挚掷臸臸置帜峙淛潪秩雉質炙痔滞菭窒狆盅筗妕衷蔠種妕偅仲衆洀淍詶詶诌粥轴肘帚咒皺宙昼骤咮株咮咮蕏渚诛豩艸烛煑拄瞩瞩炷著炷莇蛀贮铸茿炷炷柷驻抓爪跩抟磚啭撰賺篆桩圧裝妝獞匨匨椎锥搥赘墜綴谆痽浞炪婥棹琢茁酌啄着灼浊兹恣粢恣稵淄孜橴仔籽滓ふ洎渍牸鬃琮琮崈琮縂枞邹趉楱楱蒩娖卒蔟袓蒩蒩蒩鑽纂觜酔朂嶵澊噂葃咗佐柞莋莋唑蓙</Map>
  </Maps>
</Config>