﻿<?xml version="1.0" encoding="utf-8" standalone="yes"?>
<Config>
  <!-- 字符对照表名称 -->
  <Name>乌拉专用日文汉字与简体对照表</Name>
  <Converters><!-- 转换器列表元素，可在此设置多个转换器 -->
    <!-- 转换器元素 Id：转换器ID(数字)，Name：转换器名称(用于显示在转换类型下拉列表上)，SourceMapId：源字符对照表ID，DestMapId：目标字符对照表ID，(注：源字符对照表和目标字符对照表的值的长度必须相同) -->
    <Converter Id="0" Name="简体转日文汉字" SourceMapId="简体中文" DestMapId="日文汉字" />
  </Converters>
  <Maps><!-- 字符对照表列表元素，可在此设置多个字符对照表 -->
    <!-- 字符对照表元素 Id：字符对照表ID(可为数字或字符串) Value：字符列表(部分符号请使用HTML转义字符) -->
    <Map Id="简体中文">爱暧岚桉为异伟违维遗纬员阴饮韵呗亩运云咏卫谒园烟远铅冈亿忆华货涡过祸课贺饿开阶块溃谐贝盖该较阁确获吓额颚挂辖贯唤换间闲干汉惯监缓还馆环简韩舰顽愿纪轨记规几挥贵弃毁辉机骑伪义仪拟议诘级纠宫给穷许鱼渔协况胁强桥矫镜竞响惊业极仅紧锦谨银缲训军计倾诣庆鲸剧决结杰洁见轩坚绢宪贤谦键茧悬现减个库夸锢顾后语误护红贡绞项沟构纲兴钢讲购刚狱驹顷溷绀垦恳诈锁灾细债载际财栅错册杀伞斩暂师纸视词试诗资饲志挚赐谘时饵玺识轴执质车谢肿种树终习丑袭铳缩术纯顺准润书绪诸绍讼胜诏伤详冲赏偿钟场锭饰织职针绅进诊审亲阵寻肾须帅势圣诚请嵴责迹积绩设节羡诠笺线迁选荐鲜渐缮组诉础仓扫创丧层赠则侧测贼孙损逊贷队态题诺浊达夺谁澹叹绽诞锻谈坛耻筑驻着贮长帐张钓顶鸟贴肠调惩沉陈赁镇坠渍鹤贞订侦缔谛适敌彻电涂赌东冻岛讨栋汤统头誊腾动铜导笃顿贪钝昙谜锅软难认宁热纳农浓马骂败辈买赔剥缚罚阀坂贩饭烦颁范盘飞费罢备笔评标贫宾频讣负妇肤赋谱风复纷喷坟愤奋闻并闭币饼别编辩补访报饱缝纺贸谋颊仆扑脉务无梦雾铭鸣灭绵勐网门纹问约跃谕输邮涌犹游诱忧优预扬叶阳疡窑养拥罗络滥蓝栏里离陆侣虏虑凉领疗粮伦轮临类铃丽连练吕赂笼论话贿说战颜</Map>
    <Map Id="日文汉字">愛曖嵐案為異偉違維遺緯員陰飲韻唄畝運雲詠衛謁園煙遠鉛岡億憶華貨渦過禍課賀餓開階塊潰諧貝蓋該較閣確獲嚇額顎掛轄貫喚換間閑幹漢慣監緩還館環簡韓艦頑願紀軌記規幾揮貴棄毀輝機騎偽義儀擬議詰級糾宮給窮許魚漁協況脅強橋矯鏡競響驚業極僅緊錦謹銀繰訓軍計傾詣慶鯨劇決結傑潔見軒堅絹憲賢謙鍵繭懸現減個庫誇錮顧後語誤護紅貢絞項溝構綱興鋼講購剛獄駒頃混紺墾懇詐鎖災細債載際財柵錯冊殺傘斬暫師紙視詞試詩資飼誌摯賜諮時餌璽識軸執質車謝腫種樹終習醜襲銃縮術純順準潤書緒諸紹訟勝詔傷詳衝賞償鐘場錠飾織職針紳進診審親陣尋腎須帥勢聖誠請脊責跡積績設節羨詮箋線遷選薦鮮漸繕組訴礎倉掃創喪層贈則側測賊孫損遜貸隊態題諾濁達奪誰淡嘆綻誕鍛談壇恥築駐著貯長帳張釣頂鳥貼腸調懲沈陳賃鎮墜漬鶴貞訂偵締諦適敵徹電塗賭東凍島討棟湯統頭謄騰動銅導篤頓貪鈍曇謎鍋軟難認寧熱納農濃馬罵敗輩買賠剝縛罰閥阪販飯煩頒範盤飛費罷備筆評標貧賓頻訃負婦膚賦譜風復紛噴墳憤奮聞並閉幣餅別編辯補訪報飽縫紡貿謀頰僕撲脈務無夢霧銘鳴滅綿猛網門紋問約躍諭輸郵湧猶遊誘憂優預揚葉陽瘍窯養擁羅絡濫藍欄裏離陸侶虜慮涼領療糧倫輪臨類鈴麗連練呂賂籠論話賄説戦顔</Map>
  </Maps>
</Config>